,gwb_code_10,gwb_code_8,regio,gm_naam,recs,gwb_code,ind_wbi,a_inw,a_man,a_vrouw,a_00_14,a_15_24,a_25_44,a_45_64,a_65_oo,a_ongeh,a_gehuwd,a_gesch,a_verwed,a_nl_all,a_eur_al,a_neu_al,a_geb_nl,a_geb_eu,a_geb_ne,a_gbl_eu,a_gbl_ne,a_geb,p_geb,a_ste,p_ste,a_hh,a_1p_hh,a_hh_z_k,a_hh_m_k,g_hhgro,bev_dich,a_woning,g_wozbag,p_1gezw,p_mgezw,p_bewndw,p_leegsw,p_koopw,p_huurw,p_wcorpw,p_ov_hw,p_e_o_w,p_bjj2k,p_bjo2k,g_ele,g_ele_ap,g_ele_tw,g_ele_hw,g_ele_2w,g_ele_vw,g_ele_hu,g_ele_ko,g_gas,g_gas_ap,g_gas_tw,g_gas_hw,g_gas_2w,g_gas_vw,g_gas_hu,g_gas_ko,p_stadsv,a_opl_lg,a_opl_md,a_opl_hg,p_arb_pp,p_arb_wn,p_arb_zs,a_inkont,g_ink_po,g_ink_pi,p_ink_li,p_ink_hi,g_hh_sti,p_hh_li,p_hh_hi,p_hh_lkk,p_hh_osm,p_hh_110,p_hh_120,m_hh_ver,a_soz_wb,a_soz_ao,a_soz_ww,a_soz_ow,a_jz_tn,p_jz_tn,a_wmo_t,p_wmo_t,a_bedv,a_bed_a,a_bed_bf,a_bed_gi,a_bed_hj,a_bed_kl,a_bed_mn,a_bed_oq,a_bed_ru,a_pau,a_bst_b,a_bst_nb,g_pau_hh,g_pau_km,a_m2w,g_afs_hp,g_afs_gs,g_afs_kv,g_afs_sc,g_3km_sc,a_opp_ha,a_lan_ha,a_wat_ha,pst_mvp,pst_dekp,ste_mvs,ste_oad,paid_parking,predicted_paid_parking
0,BU03850001,3850001,Edam-Oude kom,Edam-Volendam,Buurt,BU03850001,1,2730,1320,1410,290,290,465,860,825,1130,1190,240,165,2255,170,305,2250,95,145,80,160,,,,,1350,500,470,370,2,4523.0,,,,,,,,,,,,,,,,,,,,,,,,,,,,,,,,,,,,,,,,,,,,,,,,,,,,,,,,,,,,,,,,,,,1340,1050,290,1,2222.0,95,,,,,,71,60,10,1135,1,3,1152,True,False
1,BU03850002,3850002,Edam-Industriegebied,Edam-Volendam,Buurt,BU03850002,1,275,135,135,35,45,45,90,65,145,110,15,5,225,25,20,225,15,5,10,15,,,,,120,40,35,50,"2,3",518.0,,,,,,,,,,,,,,,,,,,,,,,,,,,,,,,,,,,,,,,,,,,,,,,,,,,,,,,,,,,,,,,,,,,220,135,80,"1,8",414.0,25,,,,,,55,53,3,1135,1,4,659,False,False
2,BU03850003,3850003,Edam-Zuid,Edam-Volendam,Buurt,BU03850003,1,1320,610,710,250,150,265,300,360,555,620,70,75,1035,220,70,1035,30,30,185,40,,,,,530,115,180,235,"2,5",3710.0,,,,,,,,,,,,,,,,,,,,,,,,,,,,,,,,,,,,,,,,,,,,,,,,,,,,,,,,,,,,,,,,,,,515,415,100,1,1452.0,55,,,,,,38,36,2,1135,1,3,1454,False,False
3,BU03850004,3850004,Edam-Singelwijk,Edam-Volendam,Buurt,BU03850004,1,1750,845,900,250,230,305,475,480,775,675,175,120,1130,85,535,1135,40,210,40,325,,,,,775,300,225,255,"2,3",6123.0,,,,,,,,,,,,,,,,,,,,,,,,,,,,,,,,,,,,,,,,,,,,,,,,,,,,,,,,,,,,,,,,,,,725,600,125,"0,9",2544.0,50,,,,,,29,29,0,1135,1,2,1635,False,True
4,BU03850005,3850005,Edam-Molenbuurt,Edam-Volendam,Buurt,BU03850005,1,935,485,455,115,150,180,325,165,465,375,75,25,785,35,120,780,20,55,15,70,,,,,420,150,115,155,"2,2",2350.0,,,,,,,,,,,,,,,,,,,,,,,,,,,,,,,,,,,,,,,,,,,,,,,,,,,,,,,,,,,,,,,,,,,425,320,105,1,1070.0,35,,,,,,46,40,6,1135,1,2,1696,False,True
5,BU03850006,3850006,Zeevangpolder,Edam-Volendam,Buurt,BU03850006,1,20,10,5,5,5,5,5,5,10,10,5,0,15,0,0,15,0,0,0,0,,,,,5,5,5,0,"2,4",13.0,,,,,,,,,,,,,,,,,,,,,,,,,,,,,,,,,,,,,,,,,,,,,,,,,,,,,,,,,,,,,,,,,,,0,0,0,,,0,,,,,,135,131,5,1135,1,4,527,False,False
6,BU03850007,3850007,Broeckgouw,Edam-Volendam,Buurt,BU03850007,1,305,155,155,115,20,115,55,5,205,95,10,5,235,10,60,235,10,40,5,20,,,,,95,10,15,75,"3,2",1167.0,,,,,,,,,,,,,,,,,,,,,,,,,,,,,,,,,,,,,,,,,,,,,,,,,,,,,,,,,,,,,,,,,,,105,85,20,"1,1",397.0,5,,,,,,29,26,3,1135,1,3,1388,False,False
7,BU03850008,3850008,Lange Weeren,Edam-Volendam,Buurt,BU03850008,1,15,10,5,0,5,5,0,5,5,0,0,0,10,0,0,10,0,0,0,0,,,,,5,5,0,0,"2,4",13.0,,,,,,,,,,,,,,,,,,,,,,,,,,,,,,,,,,,,,,,,,,,,,,,,,,,,,,,,,,,,,,,,,,,5,5,5,,,0,,,,,,96,90,6,1135,2,4,593,False,False
8,BU03850101,3850101,Purmerpolder,Edam-Volendam,Buurt,BU03850101,1,110,65,45,10,25,10,45,25,55,55,5,5,105,5,0,105,5,0,5,0,,,,,40,10,10,20,"2,7",18.0,,,,,,,,,,,,,,,,,,,,,,,,,,,,,,,,,,,,,,,,,,,,,,,,,,,,,,,,,,,,,,,,,,,75,55,20,,,10,,,,,,638,624,14,1481,1,5,131,False,False
9,BU03850201,3850201,Volendam-Oude kom,Edam-Volendam,Buurt,BU03850201,1,3275,1610,1665,330,340,765,920,930,1460,1260,285,275,3045,115,120,3040,50,45,65,80,,,,,1675,765,475,435,"1,9",4807.0,,,,,,,,,,,,,,,,,,,,,,,,,,,,,,,,,,,,,,,,,,,,,,,,,,,,,,,,,,,,,,,,,,,1285,1010,275,"0,8",1884.0,55,,,,,,68,68,0,1131,1,3,1483,True,True
10,BU03850202,3850202,Volendam-Katham + Planetenbuurt,Edam-Volendam,Buurt,BU03850202,1,2070,1025,1050,280,135,475,370,815,760,1030,110,160,1895,55,120,1900,30,40,25,80,,,,,1000,335,415,250,"2,1",3878.0,,,,,,,,,,,,,,,,,,,,,,,,,,,,,,,,,,,,,,,,,,,,,,,,,,,,,,,,,,,,,,,,,,,785,645,140,"0,8",1472.0,25,,,,,,55,53,1,1131,1,2,2065,False,True
11,BU03850203,3850203,Volendam-Blokgouw 1 en 2,Edam-Volendam,Buurt,BU03850203,1,2190,1080,1105,265,160,380,355,1025,685,1270,100,135,2000,55,135,2000,30,45,20,90,,,,,990,230,490,270,"2,2",5237.0,,,,,,,,,,,,,,,,,,,,,,,,,,,,,,,,,,,,,,,,,,,,,,,,,,,,,,,,,,,,,,,,,,,890,725,165,"0,9",2134.0,30,,,,,,42,42,1,1132,1,2,1840,False,False
12,BU03850204,3850204,Volendam-Blokgouw 3,Edam-Volendam,Buurt,BU03850204,1,1280,670,610,140,115,290,535,200,495,665,75,50,1125,45,115,1125,25,40,15,70,,,,,540,130,195,220,"2,4",7378.0,,,,,,,,,,,,,,,,,,,,,,,,,,,,,,,,,,,,,,,,,,,,,,,,,,,,,,,,,,,,,,,,,,,510,405,105,"0,9",2936.0,25,,,,,,19,17,1,1132,1,2,1758,False,True
13,BU03850205,3850205,"Volendam-Blokgouw 4, 5 en 6",Edam-Volendam,Buurt,BU03850205,1,1575,815,760,130,170,300,710,265,560,900,60,55,1525,25,30,1525,15,15,10,15,,,,,610,90,240,285,"2,6",7534.0,,,,,,,,,,,,,,,,,,,,,,,,,,,,,,,,,,,,,,,,,,,,,,,,,,,,,,,,,,,,,,,,,,,675,535,135,"1,1",3217.0,20,,,,,,22,21,1,1132,1,3,1359,False,False
14,BU03850206,3850206,Volendam-Blokgouw 7 en 8,Edam-Volendam,Buurt,BU03850206,1,2260,1190,1070,175,560,360,995,170,1045,1075,105,40,2140,55,70,2135,30,40,25,30,,,,,735,80,165,490,"3,1",7876.0,,,,,,,,,,,,,,,,,,,,,,,,,,,,,,,,,,,,,,,,,,,,,,,,,,,,,,,,,,,,,,,,,,,860,640,220,"1,2",2996.0,40,,,,,,33,29,4,1132,1,4,894,False,True
15,BU03850207,3850207,Volendam-Rozettenbuurt,Edam-Volendam,Buurt,BU03850207,1,1975,970,1010,370,145,505,385,575,865,845,105,160,1740,65,170,1740,35,70,30,100,,,,,915,345,285,285,"2,2",4567.0,,,,,,,,,,,,,,,,,,,,,,,,,,,,,,,,,,,,,,,,,,,,,,,,,,,,,,,,,,,,,,,,,,,680,570,105,"0,7",1566.0,35,,,,,,45,43,2,1131,1,2,2039,False,True
16,BU03850208,3850208,Volendam-Bloemenbuurt,Edam-Volendam,Buurt,BU03850208,1,1485,725,760,295,130,420,275,375,680,580,95,135,1360,30,95,1360,15,30,15,70,,,,,650,220,180,245,"2,3",5918.0,,,,,,,,,,,,,,,,,,,,,,,,,,,,,,,,,,,,,,,,,,,,,,,,,,,,,,,,,,,,,,,,,,,475,405,70,"0,7",1892.0,25,,,,,,25,25,0,1131,1,2,2067,False,True
17,BU03850209,3850209,Volendam-Industriegebied,Edam-Volendam,Buurt,BU03850209,1,105,60,45,10,10,20,35,35,40,50,10,5,95,5,0,95,0,0,5,5,,,,,45,15,15,15,"2,2",176.0,,,,,,,,,,,,,,,,,,,,,,,,,,,,,,,,,,,,,,,,,,,,,,,,,,,,,,,,,,,,,,,,,,,450,275,175,,,15,,,,,,60,59,2,1131,1,3,1403,False,True
18,BU03850210,3850210,Volendam-Middengebied,Edam-Volendam,Buurt,BU03850210,1,3695,1895,1800,535,1125,440,1405,190,2000,1500,130,65,3540,70,90,3535,40,55,25,35,,,,,1135,210,130,795,"3,3",8088.0,,,,,,,,,,,,,,,,,,,,,,,,,,,,,,,,,,,,,,,,,,,,,,,,,,,,,,,,,,,,,,,,,,,1155,915,240,1,2528.0,60,,,,,,50,46,4,1132,1,2,1918,False,True
19,BU03850211,3850211,Lange Weeren,Edam-Volendam,Buurt,BU03850211,1,0,0,5,0,0,0,0,0,0,0,0,0,5,0,0,5,0,0,0,0,,,,,0,0,0,0,4,,,,,,,,,,,,,,,,,,,,,,,,,,,,,,,,,,,,,,,,,,,,,,,,,,,,,,,,,,,,,,,,,,,,0,0,0,,,0,,,,,,92,90,2,1131,1,5,397,False,False
20,BU03850212,3850212,Broeckgouw,Edam-Volendam,Buurt,BU03850212,1,2825,1430,1395,915,120,1345,260,180,1805,865,80,70,2570,50,205,2570,30,110,20,95,,,,,1045,310,200,535,"2,7",6143.0,,,,,,,,,,,,,,,,,,,,,,,,,,,,,,,,,,,,,,,,,,,,,,,,,,,,,,,,,,,,,,,,,,,930,725,205,"0,9",2029.0,35,,,,,,48,46,2,1132,1,3,1124,False,True
21,BU03850301,3850301,Beets,Edam-Volendam,Buurt,BU03850301,1,530,265,260,70,50,95,180,135,220,240,50,20,480,30,20,480,15,10,15,5,,,,,225,50,95,75,"2,3",134.0,,,,,,,,,,,,,,,,,,,,,,,,,,,,,,,,,,,,,,,,,,,,,,,,,,,,,,,,,,,,,,,,,,,340,250,85,"1,5",86.0,75,,,,,,405,394,11,1475,1,5,52,False,False
22,BU03850401,3850401,Oosthuizen,Edam-Volendam,Buurt,BU03850401,1,1675,815,860,270,135,440,415,415,770,660,115,135,1370,90,215,1370,45,95,40,125,,,,,735,220,260,260,"2,2",281.0,,,,,,,,,,,,,,,,,,,,,,,,,,,,,,,,,,,,,,,,,,,,,,,,,,,,,,,,,,,,,,,,,,,950,720,230,"1,3",159.0,105,,,,,,620,596,24,1474,1,5,355,True,False
23,BU03850402,3850402,De Watering,Edam-Volendam,Buurt,BU03850402,1,1950,975,980,280,245,425,600,405,890,850,145,65,1635,130,180,1640,75,95,55,85,,,,,800,195,275,330,"2,4",3288.0,,,,,,,,,,,,,,,,,,,,,,,,,,,,,,,,,,,,,,,,,,,,,,,,,,,,,,,,,,,,,,,,,,,1030,810,220,"1,3",1733.0,145,,,,,,62,59,2,1474,1,5,463,False,False
24,BU03850501,3850501,Warder,Edam-Volendam,Buurt,BU03850501,1,780,400,380,100,85,125,265,205,345,360,30,35,700,40,35,695,25,20,25,15,,,,,315,70,125,115,"2,4",76.0,,,,,,,,,,,,,,,,,,,,,,,,,,,,,,,,,,,,,,,,,,,,,,,,,,,,,,,,,,,,,,,,,,,480,325,155,"1,5",47.0,40,,,,,,1082,1026,56,1473,1,5,98,False,False
25,BU03850601,3850601,Middelie,Edam-Volendam,Buurt,BU03850601,1,700,365,335,90,75,145,220,170,320,310,40,30,615,40,50,615,20,25,25,20,,,,,295,70,110,105,"2,4",92.0,,,,,,,,,,,,,,,,,,,,,,,,,,,,,,,,,,,,,,,,,,,,,,,,,,,,,,,,,,,,,,,,,,,475,355,125,"1,6",62.0,40,,,,,,827,763,64,1472,1,5,66,False,False
26,BU03850701,3850701,Kwadijk,Edam-Volendam,Buurt,BU03850701,1,800,400,400,85,110,145,270,200,340,370,65,25,700,50,45,700,25,30,20,15,,,,,335,80,135,120,"2,4",151.0,,,,,,,,,,,,,,,,,,,,,,,,,,,,,,,,,,,,,,,,,,,,,,,,,,,,,,,,,,,,,,,,,,,520,390,130,"1,5",98.0,60,,,,,,571,529,41,1471,1,5,341,False,False
27,BU03850801,3850801,Schardam,Edam-Volendam,Buurt,BU03850801,1,115,60,55,15,5,20,40,35,45,60,5,5,95,10,10,100,5,5,5,0,,,,,55,20,20,15,"2,2",45.0,,,,,,,,,,,,,,,,,,,,,,,,,,,,,,,,,,,,,,,,,,,,,,,,,,,,,,,,,,,,,,,,,,,75,50,20,"1,4",29.0,10,,,,,,266,255,11,1476,1,5,21,False,False
28,BU03850901,3850901,Hobrede,Edam-Volendam,Buurt,BU03850901,1,170,85,85,15,15,25,60,50,65,85,15,10,150,10,5,155,5,0,5,5,,,,,75,15,35,25,"2,3",93.0,,,,,,,,,,,,,,,,,,,,,,,,,,,,,,,,,,,,,,,,,,,,,,,,,,,,,,,,,,,,,,,,,,,105,70,35,"1,5",58.0,15,,,,,,193,182,11,1477,1,5,30,False,False
29,BU04150101,4150101,Purmerland,Landsmeer,Buurt,BU04150101,1,405,190,215,50,55,55,170,70,175,185,35,10,355,15,35,360,15,15,5,15,,,,,175,40,65,60,"2,4",169.0,,,,,,,,,,,,,,,,,,,,,,,,,,,,,,,,,,,,,,,,,,,,,,,,,,,,,,,,,,,,,,,,,,,235,190,50,"1,4",99.0,30,,,,,,257,239,17,1451,1,5,95,False,False
30,BU04150201,4150201,Den Ilp,Landsmeer,Buurt,BU04150201,1,850,420,430,115,110,150,295,180,380,385,60,30,725,65,65,725,35,35,30,30,,,,,350,90,120,140,"2,4",326.0,,,,,,,,,,,,,,,,,,,,,,,,,,,,,,,,,,,,,,,,,,,,,,,,,,,,,,,,,,,,,,,,,,,550,395,155,"1,6",211.0,55,,,,,,334,262,72,1127,1,5,94,False,False
31,BU04150301,4150301,Oude dorp,Landsmeer,Buurt,BU04150301,1,3085,1460,1620,510,395,610,905,665,1550,1125,240,165,2275,200,605,2270,115,305,85,300,,,,,1345,440,345,560,"2,3",6413.0,,,,,,,,,,,,,,,,,,,,,,,,,,,,,,,,,,,,,,,,,,,,,,,,,,,,,,,,,,,,,,,,,,,1300,1095,205,1,2704.0,105,,,,,,50,48,2,1121,1,3,1081,False,True
32,BU04150302,4150302,Sportpark,Landsmeer,Buurt,BU04150302,1,5,5,0,0,0,0,0,0,0,0,0,0,0,0,0,5,0,5,0,5,,,,,0,0,0,5,4,,,,,,,,,,,,,,,,,,,,,,,,,,,,,,,,,,,,,,,,,,,,,,,,,,,,,,,,,,,,,,,,,,,,0,0,0,,,0,,,,,,22,17,4,1121,1,3,1102,False,False
33,BU04150303,4150303,Luijendijk-zuid,Landsmeer,Buurt,BU04150303,1,1055,495,560,365,55,355,220,55,635,360,50,15,705,110,250,705,60,170,45,85,,,,,380,100,55,225,"2,8",3103.0,,,,,,,,,,,,,,,,,,,,,,,,,,,,,,,,,,,,,,,,,,,,,,,,,,,,,,,,,,,,,,,,,,,415,285,130,"1,1",1220.0,40,,,,,,37,34,3,1121,1,3,1380,False,True
34,BU04150304,4150304,Havenzathe,Landsmeer,Buurt,BU04150304,1,1710,820,885,280,195,280,490,470,760,730,125,90,1335,140,235,1340,75,135,60,95,,,,,715,190,230,295,"2,4",3760.0,,,,,,,,,,,,,,,,,,,,,,,,,,,,,,,,,,,,,,,,,,,,,,,,,,,,,,,,,,,,,,,,,,,825,650,175,"1,2",1813.0,100,,,,,,50,45,4,1121,1,3,1215,False,False
35,BU04150305,4150305,Luijendijk,Landsmeer,Buurt,BU04150305,1,2295,1125,1165,335,215,395,680,660,985,1025,180,100,1855,155,280,1855,85,145,70,140,,,,,1010,285,365,370,"2,3",9053.0,,,,,,,,,,,,,,,,,,,,,,,,,,,,,,,,,,,,,,,,,,,,,,,,,,,,,,,,,,,,,,,,,,,1090,890,205,"1,1",4313.0,85,,,,,,29,25,4,1121,1,3,1227,False,False
36,BU04150306,4150306,Buitengebied,Landsmeer,Buurt,BU04150306,1,650,325,330,125,70,130,215,110,325,285,20,20,500,95,55,505,25,30,70,25,,,,,255,60,85,115,"2,5",46.0,,,,,,,,,,,,,,,,,,,,,,,,,,,,,,,,,,,,,,,,,,,,,,,,,,,,,,,,,,,,,,,,,,,370,260,115,"1,5",26.0,65,,,,,,1663,1422,241,1121,1,5,426,False,False
37,BU04150307,4150307,Twiske,Landsmeer,Buurt,BU04150307,1,5,0,5,0,5,0,0,0,0,0,0,0,5,0,0,0,0,0,0,0,,,,,0,5,0,0,"1,3",,,,,,,,,,,,,,,,,,,,,,,,,,,,,,,,,,,,,,,,,,,,,,,,,,,,,,,,,,,,,,,,,,,,5,0,5,,,0,,,,,,146,92,54,1121,1,5,336,False,False
38,BU04150308,4150308,t Lint,Landsmeer,Buurt,BU04150308,1,1605,790,810,205,150,355,430,470,710,650,105,135,1300,120,180,1300,55,90,65,90,,,,,750,285,245,215,"2,1",2764.0,,,,,,,,,,,,,,,,,,,,,,,,,,,,,,,,,,,,,,,,,,,,,,,,,,,,,,,,,,,,,,,,,,,855,635,215,"1,1",1474.0,80,,,,,,64,58,6,1121,1,3,1238,False,False
39,BU04310000,4310000,Kerkbuurt,Oostzaan,Buurt,BU04310000,1,7095,3430,3660,1030,850,1480,2070,1665,3160,3005,530,395,5755,430,915,5750,210,430,220,480,,,,,3125,1015,935,1180,"2,2",2042.0,,,,,,,,,,,,,,,,,,,,,,,,,,,,,,,,,,,,,,,,,,,,,,,,,,,,,,,,,,,,,,,,,,,3655,2955,705,"1,2",1052.0,345,,,,,,407,347,60,1511,1,3,1187,False,False
40,BU04310001,4310001,Zuideinde,Oostzaan,Buurt,BU04310001,1,195,100,95,25,15,35,60,60,80,85,15,15,165,10,15,165,5,10,5,5,,,,,90,30,30,25,"2,1",192.0,,,,,,,,,,,,,,,,,,,,,,,,,,,,,,,,,,,,,,,,,,,,,,,,,,,,,,,,,,,,,,,,,,,145,95,50,"1,6",146.0,5,,,,,,130,100,30,1511,3,4,933,False,False
41,BU04310002,4310002,Kerkstraat,Oostzaan,Buurt,BU04310002,1,760,395,360,110,95,145,255,155,340,335,50,40,610,40,105,615,25,60,20,45,,,,,320,95,100,130,"2,4",3769.0,,,,,,,,,,,,,,,,,,,,,,,,,,,,,,,,,,,,,,,,,,,,,,,,,,,,,,,,,,,,,,,,,,,390,315,80,"1,2",1946.0,35,,,,,,21,20,1,1511,1,3,1363,False,False
42,BU04310003,4310003,De Haal en De Heul en Noordeinde,Oostzaan,Buurt,BU04310003,1,1645,840,805,335,170,360,530,255,815,710,75,50,1470,60,115,1470,35,75,25,40,,,,,610,110,200,300,"2,7",239.0,,,,,,,,,,,,,,,,,,,,,,,,,,,,,,,,,,,,,,,,,,,,,,,,,,,,,,,,,,,,,,,,,,,880,660,225,"1,4",128.0,100,,,,,,1050,688,362,1511,1,5,326,False,False
43,BU04390101,4390101,Binnenstad,Purmerend,Buurt,BU04390101,1,1800,920,880,105,235,700,395,365,1070,395,230,105,1165,210,425,1165,60,180,150,250,,,,,1200,740,305,150,"1,5",6694.0,,,,,,,,,,,,,,,,,,,,,,,,,,,,,,,,,,,,,,,,,,,,,,,,,,,,,,,,,,,,,,,,,,,770,650,120,"0,6",2859.0,65,,,,,,31,27,4,1441,1,1,2876,True,True
44,BU04390102,4390102,Stationsbuurt,Purmerend,Buurt,BU04390102,1,800,360,440,45,40,140,140,435,235,335,65,165,625,55,125,620,30,55,25,70,,,,,470,255,170,45,"1,6",5493.0,,,,,,,,,,,,,,,,,,,,,,,,,,,,,,,,,,,,,,,,,,,,,,,,,,,,,,,,,,,,,,,,,,,330,235,90,"0,7",2252.0,15,,,,,,15,15,1,1441,1,1,3421,False,True
45,BU04390103,4390103,Zuiderpolder,Purmerend,Buurt,BU04390103,1,2340,1090,1250,270,240,505,605,725,1010,905,240,185,1890,160,290,1890,90,155,70,140,,,,,1185,495,360,330,"1,9",6524.0,,,,,,,,,,,,,,,,,,,,,,,,,,,,,,,,,,,,,,,,,,,,,,,,,,,,,,,,,,,,,,,,,,,1025,855,170,"0,9",2856.0,100,,,,,,40,36,4,1441,1,1,3094,True,True
46,BU04390201,4390201,Overwhere-Zuid,Purmerend,Buurt,BU04390201,1,6305,3090,3210,975,655,1785,1595,1300,3270,1940,675,415,4065,565,1680,4060,225,720,340,960,,,,,3165,1405,705,1050,2,6054.0,,,,,,,,,,,,,,,,,,,,,,,,,,,,,,,,,,,,,,,,,,,,,,,,,,,,,,,,,,,,,,,,,,,2470,2100,370,"0,8",2374.0,260,,,,,,106,104,2,1442,1,1,2883,False,True
47,BU04390202,4390202,De Koog,Purmerend,Buurt,BU04390202,1,75,35,40,5,15,30,15,5,55,15,5,5,15,50,10,10,5,0,50,10,,,,,55,40,5,10,"1,3",124.0,,,,,,,,,,,,,,,,,,,,,,,,,,,,,,,,,,,,,,,,,,,,,,,,,,,,,,,,,,,,,,,,,,,240,100,140,,,10,,,,,,60,60,0,1442,1,2,1687,False,True
48,BU04390203,4390203,Wagenweg,Purmerend,Buurt,BU04390203,1,850,400,450,95,95,340,195,125,500,240,85,25,535,50,260,535,30,135,25,125,,,,,445,195,125,125,"1,9",4773.0,,,,,,,,,,,,,,,,,,,,,,,,,,,,,,,,,,,,,,,,,,,,,,,,,,,,,,,,,,,,,,,,,,,385,315,75,"0,9",2168.0,35,,,,,,19,18,1,1442,1,1,3391,True,True
49,BU04390204,4390204,Overwhere-Noord,Purmerend,Buurt,BU04390204,1,5685,2815,2875,570,520,1245,1395,1950,2370,2095,685,535,4150,520,1010,4150,245,425,275,590,,,,,2930,1405,835,685,"1,9",5156.0,,,,,,,,,,,,,,,,,,,,,,,,,,,,,,,,,,,,,,,,,,,,,,,,,,,,,,,,,,,,,,,,,,,2670,2185,480,"0,9",2420.0,225,,,,,,115,110,5,1444,1,2,1772,False,False
50,BU04390205,4390205,Molenkoog,Purmerend,Buurt,BU04390205,1,1105,595,505,140,120,300,310,230,650,355,60,30,820,55,225,820,35,125,25,105,,,,,370,105,125,140,"2,3",1756.0,,,,,,,,,,,,,,,,,,,,,,,,,,,,,,,,,,,,,,,,,,,,,,,,,,,,,,,,,,,,,,,,,,,415,335,80,"1,1",658.0,40,,,,,,66,63,3,1444,1,3,1368,False,False
51,BU04390301,4390301,Wheermolen-West,Purmerend,Buurt,BU04390301,1,2535,1165,1375,300,215,590,595,840,1110,885,325,210,1645,210,680,1645,95,315,115,370,,,,,1360,625,390,345,"1,8",9015.0,,,,,,,,,,,,,,,,,,,,,,,,,,,,,,,,,,,,,,,,,,,,,,,,,,,,,,,,,,,,,,,,,,,1045,900,150,"0,8",3723.0,50,,,,,,29,28,1,1443,1,1,3376,False,True
52,BU04390302,4390302,Wheermolen-Oost,Purmerend,Buurt,BU04390302,1,5405,2610,2790,995,665,1490,1200,1055,2910,1675,560,265,3050,485,1870,3050,180,780,310,1090,,,,,2550,1060,550,940,"2,1",9206.0,,,,,,,,,,,,,,,,,,,,,,,,,,,,,,,,,,,,,,,,,,,,,,,,,,,,,,,,,,,,,,,,,,,1975,1670,305,"0,8",3360.0,200,,,,,,62,59,3,1443,1,1,3001,False,True
53,BU04390303,4390303,Dwarsgouw,Purmerend,Buurt,BU04390303,1,175,80,90,15,5,85,45,20,100,45,25,5,120,20,30,120,5,15,15,15,,,,,105,55,35,20,"1,6",659.0,,,,,,,,,,,,,,,,,,,,,,,,,,,,,,,,,,,,,,,,,,,,,,,,,,,,,,,,,,,,,,,,,,,90,80,15,"0,9",352.0,10,,,,,,27,26,1,1443,1,1,2851,False,True
54,BU04390401,4390401,Gors-Zuid,Purmerend,Buurt,BU04390401,1,3890,1955,1940,610,415,955,1005,905,1795,1580,350,170,2750,280,865,2750,160,395,120,470,,,,,1760,590,560,615,"2,2",4401.0,,,,,,,,,,,,,,,,,,,,,,,,,,,,,,,,,,,,,,,,,,,,,,,,,,,,,,,,,,,,,,,,,,,1820,1500,320,1,2057.0,175,,,,,,98,88,9,1441,1,2,2385,False,True
55,BU04390402,4390402,Gors-Noord,Purmerend,Buurt,BU04390402,1,5965,2900,3070,885,620,1620,1555,1290,2895,2280,565,230,4095,410,1460,4095,200,620,215,840,,,,,2750,990,820,940,"2,1",6023.0,,,,,,,,,,,,,,,,,,,,,,,,,,,,,,,,,,,,,,,,,,,,,,,,,,,,,,,,,,,,,,,,,,,2670,2230,440,1,2695.0,210,,,,,,109,99,10,1441,1,1,2884,True,True
56,BU04390501,4390501,Overlanderstraat en omgeving,Purmerend,Buurt,BU04390501,1,4320,2075,2250,670,450,1205,1150,840,2265,1350,535,170,2435,360,1530,2435,170,660,190,870,,,,,2220,1035,455,730,"1,9",9720.0,,,,,,,,,,,,,,,,,,,,,,,,,,,,,,,,,,,,,,,,,,,,,,,,,,,,,,,,,,,,,,,,,,,1670,1445,225,"0,8",3753.0,130,,,,,,46,44,1,1445,1,2,2355,False,True
57,BU04390502,4390502,Werktuigenbuurt,Purmerend,Buurt,BU04390502,1,2320,1145,1175,350,260,555,685,475,1020,1030,190,80,1605,175,540,1610,85,235,90,305,,,,,995,270,330,395,"2,3",4328.0,,,,,,,,,,,,,,,,,,,,,,,,,,,,,,,,,,,,,,,,,,,,,,,,,,,,,,,,,,,,,,,,,,,1050,840,210,"1,1",1957.0,95,,,,,,59,54,6,1445,1,1,2887,False,True
58,BU04390503,4390503,Maten- en Zuivelbuurt,Purmerend,Buurt,BU04390503,1,2590,1310,1275,420,240,680,715,530,1165,1150,170,105,1835,195,560,1835,95,255,100,305,,,,,1140,325,375,440,"2,3",5365.0,,,,,,,,,,,,,,,,,,,,,,,,,,,,,,,,,,,,,,,,,,,,,,,,,,,,,,,,,,,,,,,,,,,1185,985,205,1,2461.0,110,,,,,,51,48,3,1445,1,2,1963,False,True
59,BU04390504,4390504,De Graeffweg en omgeving,Purmerend,Buurt,BU04390504,1,4890,2390,2500,745,505,1235,1405,1000,2270,2000,420,200,3430,310,1150,3430,175,535,140,610,,,,,2165,655,650,860,"2,3",6688.0,,,,,,,,,,,,,,,,,,,,,,,,,,,,,,,,,,,,,,,,,,,,,,,,,,,,,,,,,,,,,,,,,,,2295,1925,370,"1,1",3139.0,180,,,,,,77,73,4,1446,1,2,1822,False,True
60,BU04390505,4390505,Baanstee en omgeving,Purmerend,Buurt,BU04390505,1,120,65,60,10,15,25,50,20,60,50,10,5,105,5,10,100,5,10,5,5,,,,,50,25,10,20,"2,3",39.0,,,,,,,,,,,,,,,,,,,,,,,,,,,,,,,,,,,,,,,,,,,,,,,,,,,,,,,,,,,,,,,,,,,860,455,405,,,40,,,,,,333,307,26,1446,1,4,565,False,False
61,BU04390506,4390506,Golfterrein en verspreide bebouwing,Purmerend,Buurt,BU04390506,1,430,205,230,80,65,135,100,55,275,135,10,5,160,235,30,160,15,10,225,20,,,,,220,110,35,75,"1,9",285.0,,,,,,,,,,,,,,,,,,,,,,,,,,,,,,,,,,,,,,,,,,,,,,,,,,,,,,,,,,,,,,,,,,,120,80,35,"0,5",78.0,15,,,,,,162,151,11,1445,2,3,1187,False,False
62,BU04390601,4390601,Purmer-Zuid/Noord,Purmerend,Buurt,BU04390601,1,5145,2470,2675,715,515,1085,1610,1215,2065,2415,420,245,3835,360,945,3835,200,450,160,500,,,,,2255,630,790,840,"2,3",6346.0,,,,,,,,,,,,,,,,,,,,,,,,,,,,,,,,,,,,,,,,,,,,,,,,,,,,,,,,,,,,,,,,,,,2555,2060,495,"1,1",3152.0,240,,,,,,87,81,6,1447,1,2,2234,False,False
63,BU04390602,4390602,Purmer-Zuid/Zuid,Purmerend,Buurt,BU04390602,1,6980,3445,3535,980,745,1495,2310,1445,2965,3165,490,360,5285,510,1185,5285,265,610,240,580,,,,,2910,715,960,1240,"2,4",6607.0,,,,,,,,,,,,,,,,,,,,,,,,,,,,,,,,,,,,,,,,,,,,,,,,,,,,,,,,,,,,,,,,,,,3415,2755,655,"1,2",3229.0,365,,,,,,112,106,7,1447,1,2,1714,False,False
64,BU04390603,4390603,Purmerbos en verspreide bebouwing,Purmerend,Buurt,BU04390603,1,100,50,55,20,10,15,30,20,45,50,0,5,80,5,20,80,5,10,0,5,,,,,35,10,10,20,"2,8",26.0,,,,,,,,,,,,,,,,,,,,,,,,,,,,,,,,,,,,,,,,,,,,,,,,,,,,,,,,,,,,,,,,,,,40,25,15,,,5,,,,,,389,384,5,1447,1,4,559,False,False
65,BU04390701,4390701,Hazepolder,Purmerend,Buurt,BU04390701,1,410,185,220,50,35,100,120,95,195,150,45,20,325,45,40,325,25,15,25,25,,,,,200,65,70,65,2,5236.0,,,,,,,,,,,,,,,,,,,,,,,,,,,,,,,,,,,,,,,,,,,,,,,,,,,,,,,,,,,,,,,,,,,200,165,35,1,2567.0,25,,,,,,9,8,2,1441,1,2,2258,True,True
66,BU04390702,4390702,AziÃ«,Purmerend,Buurt,BU04390702,1,3980,1950,2030,545,590,760,1420,660,1815,1705,305,155,2715,260,1010,2715,125,465,130,540,,,,,1640,420,470,750,"2,4",7700.0,,,,,,,,,,,,,,,,,,,,,,,,,,,,,,,,,,,,,,,,,,,,,,,,,,,,,,,,,,,,,,,,,,,1835,1475,355,"1,1",3547.0,145,,,,,,55,52,4,1448,1,2,2220,False,True
67,BU04390703,4390703,Amerika,Purmerend,Buurt,BU04390703,1,4540,2265,2275,710,670,1005,1505,650,2230,1825,340,140,2815,295,1430,2815,135,695,160,735,,,,,1795,440,485,865,"2,5",5070.0,,,,,,,,,,,,,,,,,,,,,,,,,,,,,,,,,,,,,,,,,,,,,,,,,,,,,,,,,,,,,,,,,,,2050,1620,430,"1,1",2288.0,150,,,,,,104,90,14,1448,1,2,1594,False,True
68,BU04390704,4390704,Afrika,Purmerend,Buurt,BU04390704,1,5410,2665,2745,825,825,1110,1805,845,2685,2205,295,220,3575,370,1460,3575,200,700,170,755,,,,,2135,625,525,990,"2,5",6144.0,,,,,,,,,,,,,,,,,,,,,,,,,,,,,,,,,,,,,,,,,,,,,,,,,,,,,,,,,,,,,,,,,,,2350,1825,525,"1,1",2668.0,160,,,,,,108,88,20,1448,1,2,1680,False,True
69,BU04390705,4390705,Europa,Purmerend,Buurt,BU04390705,1,5375,2670,2705,910,565,1640,1335,925,2815,1990,360,215,3515,325,1540,3515,160,855,165,685,,,,,2440,900,695,850,"2,2",6311.0,,,,,,,,,,,,,,,,,,,,,,,,,,,,,,,,,,,,,,,,,,,,,,,,,,,,,,,,,,,,,,,,,,,2300,1805,495,"0,9",2697.0,155,,,,,,87,85,1,1448,1,1,2578,True,True
70,BU04390801,4390801,Middenbeemster,Purmerend,Buurt,BU04390801,1,5740,2845,2900,1015,550,1485,1565,1130,2920,2190,375,260,4810,370,565,4810,150,275,215,285,,,,,2350,690,700,960,"2,4",275.0,,,,,,,,,,,,,,,,,,,,,,,,,,,,,,,,,,,,,,,,,,,,,,,,,,,,,,,,,,,,,,,,,,,2900,2300,600,"1,2",139.0,305,,,,,,2118,2089,29,1462,1,4,556,False,False
71,BU04390802,4390802,Noordbeemster,Purmerend,Buurt,BU04390802,1,625,305,320,90,80,105,225,125,290,255,40,35,570,25,25,570,15,10,10,10,,,,,240,55,90,100,"2,6",35.0,,,,,,,,,,,,,,,,,,,,,,,,,,,,,,,,,,,,,,,,,,,,,,,,,,,,,,,,,,,,,,,,,,,410,305,105,"1,7",23.0,55,,,,,,1845,1802,43,1463,1,5,41,False,False
72,BU04390803,4390803,Westbeemster,Purmerend,Buurt,BU04390803,1,775,395,380,125,85,150,255,160,385,315,45,35,710,35,35,710,20,20,15,10,,,,,310,75,115,125,"2,5",42.0,,,,,,,,,,,,,,,,,,,,,,,,,,,,,,,,,,,,,,,,,,,,,,,,,,,,,,,,,,,,,,,,,,,450,325,125,"1,4",24.0,65,,,,,,1893,1850,44,1464,1,5,58,False,False
73,BU04390804,4390804,Zuidoostbeemster,Purmerend,Buurt,BU04390804,1,4485,2215,2270,915,430,1080,1205,845,2160,1895,260,160,3915,180,390,3915,120,210,60,175,,,,,1760,410,560,785,"2,5",340.0,,,,,,,,,,,,,,,,,,,,,,,,,,,,,,,,,,,,,,,,,,,,,,,,,,,,,,,,,,,,,,,,,,,2295,1705,590,"1,3",174.0,245,,,,,,1351,1317,34,1461,1,3,1354,False,False
74,BU08520000,8520000,Monnickendam,Waterland,Buurt,BU08520000,1,2025,975,1050,255,225,405,680,460,975,805,140,105,1580,305,145,1575,90,80,215,60,,,,,1010,430,295,285,2,2360.0,,,,,,,,,,,,,,,,,,,,,,,,,,,,,,,,,,,,,,,,,,,,,,,,,,,,,,,,,,,,,,,,,,,1020,805,215,1,1188.0,90,,,,,,91,86,5,1141,1,4,895,True,False
75,BU08520001,8520001,Oranjewijk,Waterland,Buurt,BU08520001,1,985,485,505,200,115,265,245,160,530,345,65,40,775,50,165,775,25,60,25,105,,,,,405,115,100,190,"2,5",7976.0,,,,,,,,,,,,,,,,,,,,,,,,,,,,,,,,,,,,,,,,,,,,,,,,,,,,,,,,,,,,,,,,,,,360,295,65,"0,9",2917.0,40,,,,,,13,12,1,1141,1,3,1202,False,False
76,BU08520002,8520002,Markgouw,Waterland,Buurt,BU08520002,1,2355,1080,1280,365,220,445,525,800,1025,870,205,255,1770,270,315,1770,75,110,195,205,,,,,1090,430,310,355,"2,1",5351.0,,,,,,,,,,,,,,,,,,,,,,,,,,,,,,,,,,,,,,,,,,,,,,,,,,,,,,,,,,,,,,,,,,,920,775,145,"0,8",2085.0,70,,,,,,47,44,3,1141,1,3,1144,False,False
77,BU08520003,8520003,Ringshemmen,Waterland,Buurt,BU08520003,1,1605,775,830,220,180,305,455,445,660,730,110,95,1325,100,180,1320,55,90,50,85,,,,,690,180,245,260,"2,3",5393.0,,,,,,,,,,,,,,,,,,,,,,,,,,,,,,,,,,,,,,,,,,,,,,,,,,,,,,,,,,,,,,,,,,,755,600,155,"1,1",2547.0,60,,,,,,33,30,4,1141,1,4,967,False,False
78,BU08520004,8520004,Ooster Ee,Waterland,Buurt,BU08520004,1,890,450,440,130,90,155,240,275,385,405,60,40,735,55,100,735,30,50,20,45,,,,,415,135,150,130,"2,2",6832.0,,,,,,,,,,,,,,,,,,,,,,,,,,,,,,,,,,,,,,,,,,,,,,,,,,,,,,,,,,,,,,,,,,,425,335,90,1,3274.0,50,,,,,,14,13,1,1141,1,3,1141,False,False
79,BU08520005,8520005,t Spil,Waterland,Buurt,BU08520005,1,245,115,135,20,15,60,60,100,100,110,15,25,230,0,15,225,5,15,0,10,,,,,150,75,50,25,"1,7",4438.0,,,,,,,,,,,,,,,,,,,,,,,,,,,,,,,,,,,,,,,,,,,,,,,,,,,,,,,,,,,,,,,,,,,115,95,15,"0,8",2014.0,5,,,,,,6,6,1,1141,1,3,1230,False,False
80,BU08520006,8520006,Binnengouw,Waterland,Buurt,BU08520006,1,640,330,310,105,65,125,170,180,270,330,20,15,565,25,50,565,10,30,15,20,,,,,250,30,110,105,"2,6",4087.0,,,,,,,,,,,,,,,,,,,,,,,,,,,,,,,,,,,,,,,,,,,,,,,,,,,,,,,,,,,,,,,,,,,285,225,60,"1,1",1814.0,25,,,,,,17,16,1,1141,1,3,1037,False,False
81,BU08520007,8520007,Buitengouw,Waterland,Buurt,BU08520007,1,755,390,375,125,85,135,235,185,305,390,35,25,670,45,50,665,25,30,20,20,,,,,300,45,115,135,"2,5",6288.0,,,,,,,,,,,,,,,,,,,,,,,,,,,,,,,,,,,,,,,,,,,,,,,,,,,,,,,,,,,,,,,,,,,385,290,95,"1,3",3177.0,35,,,,,,13,12,1,1141,1,4,733,False,False
82,BU08520009,8520009,Verspreide huizen,Waterland,Buurt,BU08520009,1,260,135,125,35,25,55,85,55,115,115,20,5,220,20,15,220,5,10,15,0,,,,,110,35,35,40,"2,3",38.0,,,,,,,,,,,,,,,,,,,,,,,,,,,,,,,,,,,,,,,,,,,,,,,,,,,,,,,,,,,,,,,,,,,155,115,40,"1,4",23.0,40,,,,,,718,683,34,1141,1,5,89,False,False
83,BU08520010,8520010,De Purmer (gedeeltelijk),Waterland,Buurt,BU08520010,1,140,75,60,15,20,20,45,40,70,60,10,0,125,5,5,125,5,5,0,5,,,,,50,15,20,20,"2,6",25.0,,,,,,,,,,,,,,,,,,,,,,,,,,,,,,,,,,,,,,,,,,,,,,,,,,,,,,,,,,,,,,,,,,,95,60,30,"1,7",17.0,10,,,,,,570,561,8,1482,1,5,20,False,False
84,BU08520100,8520100,Katwoude,Waterland,Buurt,BU08520100,1,325,165,165,60,45,55,95,75,150,150,20,10,270,20,35,275,5,25,10,10,,,,,110,20,40,50,"2,9",49.0,,,,,,,,,,,,,,,,,,,,,,,,,,,,,,,,,,,,,,,,,,,,,,,,,,,,,,,,,,,,,,,,,,,195,130,65,"1,8",29.0,20,,,,,,703,671,32,1145,1,5,152,False,False
85,BU08520200,8520200,Havenbuurt en Kerkbuurt,Waterland,Buurt,BU08520200,1,1635,805,830,180,185,320,475,470,640,780,110,100,1510,50,75,1505,20,35,25,45,,,,,795,310,250,230,"2,1",1067.0,,,,,,,,,,,,,,,,,,,,,,,,,,,,,,,,,,,,,,,,,,,,,,,,,,,,,,,,,,,,,,,,,,,775,625,150,1,508.0,55,,,,,,154,153,1,1156,1,5,309,False,False
86,BU08520201,8520201,Verspreide huizen Op de Werven ten zuiden van kanaal,Waterland,Buurt,BU08520201,1,95,50,50,10,5,10,40,35,35,45,5,10,90,0,5,85,0,5,5,0,,,,,50,25,20,10,"1,8",85.0,,,,,,,,,,,,,,,,,,,,,,,,,,,,,,,,,,,,,,,,,,,,,,,,,,,,,,,,,,,,,,,,,,,60,45,15,"1,1",52.0,5,,,,,,112,112,0,1156,1,5,278,False,False
87,BU08520300,8520300,Broek in Waterland,Waterland,Buurt,BU08520300,1,2760,1350,1410,495,305,470,850,650,1370,1070,200,125,2290,205,270,2295,115,160,85,110,,,,,1190,390,325,475,"2,3",272.0,,,,,,,,,,,,,,,,,,,,,,,,,,,,,,,,,,,,,,,,,,,,,,,,,,,,,,,,,,,,,,,,,,,1325,985,340,"1,1",130.0,115,,,,,,1070,1017,53,1151,1,5,301,False,False
88,BU08520301,8520301,Zuiderwoude,Waterland,Buurt,BU08520301,1,305,150,155,50,35,40,115,70,135,145,15,10,250,20,35,255,10,20,15,15,,,,,125,30,50,50,"2,4",55.0,,,,,,,,,,,,,,,,,,,,,,,,,,,,,,,,,,,,,,,,,,,,,,,,,,,,,,,,,,,,,,,,,,,175,125,50,"1,4",31.0,25,,,,,,660,561,99,1153,1,5,52,False,False
89,BU08520302,8520302,Uitdam,Waterland,Buurt,BU08520302,1,125,60,70,20,5,10,40,45,50,55,10,5,100,15,10,100,5,10,10,5,,,,,60,20,20,15,"2,1",40.0,,,,,,,,,,,,,,,,,,,,,,,,,,,,,,,,,,,,,,,,,,,,,,,,,,,,,,,,,,,,,,,,,,,75,45,30,"1,3",24.0,5,,,,,,370,313,57,1154,1,5,57,False,False
90,BU08520400,8520400,Ilpendam,Waterland,Buurt,BU08520400,1,1755,870,885,290,155,390,505,420,795,765,105,90,1460,110,185,1460,55,95,55,95,,,,,775,220,270,285,"2,3",780.0,,,,,,,,,,,,,,,,,,,,,,,,,,,,,,,,,,,,,,,,,,,,,,,,,,,,,,,,,,,,,,,,,,,850,635,215,"1,1",377.0,105,,,,,,247,225,22,1452,1,5,248,False,False
91,BU08520401,8520401,De Purmer (gedeeltelijk),Waterland,Buurt,BU08520401,1,55,35,25,15,0,10,20,10,30,20,0,10,55,0,5,55,0,0,0,0,,,,,20,10,10,10,"2,5",22.0,,,,,,,,,,,,,,,,,,,,,,,,,,,,,,,,,,,,,,,,,,,,,,,,,,,,,,,,,,,,,,,,,,,35,20,15,,,5,,,,,,278,269,9,1452,1,5,90,False,False
92,BU08520500,8520500,Watergang,Waterland,Buurt,BU08520500,1,555,285,275,110,50,120,160,110,305,200,35,25,455,35,65,455,20,35,20,35,,,,,240,80,70,95,"2,3",134.0,,,,,,,,,,,,,,,,,,,,,,,,,,,,,,,,,,,,,,,,,,,,,,,,,,,,,,,,,,,,,,,,,,,330,230,100,"1,4",80.0,30,,,,,,465,415,50,1454,1,5,67,False,False
93,BU08800000,8800000,Oosteinde,Wormerland,Buurt,BU08800000,1,1085,555,530,115,135,165,400,270,440,545,50,55,985,35,65,990,20,45,15,20,,,,,450,105,180,170,"2,4",259.0,,,,,,,,,,,,,,,,,,,,,,,,,,,,,,,,,,,,,,,,,,,,,,,,,,,,,,,,,,,,,,,,,,,590,465,125,"1,3",141.0,85,,,,,,543,421,123,1531,1,5,496,False,False
94,BU08800001,8800001,Westeinde,Wormerland,Buurt,BU08800001,1,3755,1880,1875,510,440,725,1245,835,1645,1675,270,160,3170,245,335,3170,105,200,140,130,,,,,1655,500,540,610,"2,3",3327.0,,,,,,,,,,,,,,,,,,,,,,,,,,,,,,,,,,,,,,,,,,,,,,,,,,,,,,,,,,,,,,,,,,,1955,1565,390,"1,2",1733.0,205,,,,,,131,113,18,1531,1,2,2147,False,True
95,BU08800002,8800002,Oost-Knollendam,Wormerland,Buurt,BU08800002,1,625,310,310,60,65,115,220,160,260,295,45,25,515,70,35,515,10,15,60,20,,,,,285,90,110,85,"2,2",169.0,,,,,,,,,,,,,,,,,,,,,,,,,,,,,,,,,,,,,,,,,,,,,,,,,,,,,,,,,,,,,,,,,,,395,310,80,"1,4",107.0,40,,,,,,593,367,226,1534,3,5,387,False,False
96,BU08800003,8800003,Molenbuurt,Wormerland,Buurt,BU08800003,1,3510,1650,1865,575,390,765,810,970,1665,1210,300,330,2780,170,560,2780,95,260,80,305,,,,,1625,670,385,570,"2,1",6232.0,,,,,,,,,,,,,,,,,,,,,,,,,,,,,,,,,,,,,,,,,,,,,,,,,,,,,,,,,,,,,,,,,,,1430,1220,210,"0,9",2542.0,160,,,,,,60,56,4,1531,1,2,1848,False,True
97,BU08800004,8800004,Plaszoom,Wormerland,Buurt,BU08800004,1,3980,1995,1985,620,500,955,1025,880,1875,1610,285,215,3085,245,650,3090,125,280,120,365,,,,,1770,605,515,655,"2,2",6033.0,,,,,,,,,,,,,,,,,,,,,,,,,,,,,,,,,,,,,,,,,,,,,,,,,,,,,,,,,,,,,,,,,,,1850,1535,320,1,2810.0,195,,,,,,92,66,27,1531,1,2,1965,False,True
98,BU08800005,8800005,Middentil,Wormerland,Buurt,BU08800005,1,715,385,335,85,65,155,205,205,305,315,45,50,640,25,55,640,20,25,10,30,,,,,345,125,120,100,"2,1",7935.0,,,,,,,,,,,,,,,,,,,,,,,,,,,,,,,,,,,,,,,,,,,,,,,,,,,,,,,,,,,,,,,,,,,370,320,50,"1,1",4101.0,30,,,,,,9,9,0,1531,1,3,1412,False,False
99,BU08800009,8800009,Verspreide huizen in de polder Engewormer,Wormerland,Buurt,BU08800009,1,75,45,30,10,15,10,30,10,35,40,5,0,70,5,5,75,5,0,0,5,,,,,25,5,5,15,"2,9",46.0,,,,,,,,,,,,,,,,,,,,,,,,,,,,,,,,,,,,,,,,,,,,,,,,,,,,,,,,,,,,,,,,,,,40,30,10,,,25,,,,,,178,171,7,1531,1,5,399,False,False
100,BU08800100,8800100,Neck (gedeeltelijk),Wormerland,Buurt,BU08800100,1,1145,550,600,200,115,280,345,205,510,515,75,50,960,55,125,960,35,80,20,45,,,,,470,115,155,200,"2,4",2153.0,,,,,,,,,,,,,,,,,,,,,,,,,,,,,,,,,,,,,,,,,,,,,,,,,,,,,,,,,,,,,,,,,,,610,490,120,"1,3",1142.0,95,,,,,,54,53,1,1456,1,5,216,False,False
101,BU08800108,8800108,Verspreide huizen ten zuiden van De Middentocht,Wormerland,Buurt,BU08800108,1,320,170,155,30,35,50,120,85,140,135,35,15,285,10,25,290,10,10,5,10,,,,,145,50,50,45,"2,1",42.0,,,,,,,,,,,,,,,,,,,,,,,,,,,,,,,,,,,,,,,,,,,,,,,,,,,,,,,,,,,,,,,,,,,195,155,40,"1,3",25.0,20,,,,,,789,775,15,1456,1,5,148,False,False
102,BU08800109,8800109,Verspreide huizen ten noorden van De Middentocht,Wormerland,Buurt,BU08800109,1,260,130,130,30,40,40,105,45,125,95,20,15,240,10,10,240,5,5,5,5,,,,,105,35,35,45,"2,5",33.0,,,,,,,,,,,,,,,,,,,,,,,,,,,,,,,,,,,,,,,,,,,,,,,,,,,,,,,,,,,,,,,,,,,195,145,50,"1,8",25.0,20,,,,,,826,789,36,1456,1,5,41,False,False
103,BU08800200,8800200,Jisp,Wormerland,Buurt,BU08800200,1,435,205,225,50,55,55,155,110,185,175,45,25,395,25,15,400,10,5,10,5,,,,,195,65,70,60,"2,2",342.0,,,,,,,,,,,,,,,,,,,,,,,,,,,,,,,,,,,,,,,,,,,,,,,,,,,,,,,,,,,,,,,,,,,280,215,65,"1,4",223.0,35,,,,,,191,126,65,1546,1,5,144,False,False
104,BU08800201,8800201,Uitbreiding-Jisp,Wormerland,Buurt,BU08800201,1,250,125,130,25,30,40,85,70,105,120,15,15,235,5,10,240,0,10,0,5,,,,,110,30,40,40,"2,3",714.0,,,,,,,,,,,,,,,,,,,,,,,,,,,,,,,,,,,,,,,,,,,,,,,,,,,,,,,,,,,,,,,,,,,155,130,25,"1,4",442.0,25,,,,,,46,35,11,1546,1,5,151,False,False
105,BU08800208,8800208,Spijkerboor,Wormerland,Buurt,BU08800208,1,25,15,10,5,0,10,5,10,10,10,5,0,25,0,0,25,0,0,0,0,,,,,10,5,10,5,2,48.0,,,,,,,,,,,,,,,,,,,,,,,,,,,,,,,,,,,,,,,,,,,,,,,,,,,,,,,,,,,,,,,,,,,20,15,5,,,10,,,,,,57,54,3,1458,1,5,20,False,False
106,BU08800209,8800209,Verspreide huizen Kanaal- en Oudelandsdijk,Wormerland,Buurt,BU08800209,1,370,185,180,40,50,60,140,85,160,175,20,10,330,20,25,330,5,15,10,10,,,,,155,45,50,55,"2,4",45.0,,,,,,,,,,,,,,,,,,,,,,,,,,,,,,,,,,,,,,,,,,,,,,,,,,,,,,,,,,,,,,,,,,,215,160,55,"1,4",26.0,55,,,,,,946,816,130,1456,3,5,242,False,False
107,BU04791111,4791111,Vijfhoekpark,Zaanstad,Buurt,BU04791111,3,50,25,20,0,5,5,25,10,15,20,5,0,45,5,0,45,0,0,0,0,,,,,25,5,5,5,2,83.0,,,,,,,,,,,,,,,,,,,,,,,,,,,,,,,,,,,,,,,,,,,,,,,,,,,,,,,,,,,,,,,,,,,95,55,45,,,5,,,,,,66,59,7,1505,2,2,1576,False,True
108,BU04791112,4791112,Achtersluispolder,Zaanstad,Buurt,BU04791112,3,465,370,90,5,90,275,90,5,350,100,10,0,25,240,195,20,0,0,240,200,,,,,240,230,5,0,"1,1",461.0,,,,,,,,,,,,,,,,,,,,,,,,,,,,,,,,,,,,,,,,,,,,,,,,,,,,,,,,,,,,,,,,,,,235,135,105,1,237.0,10,,,,,,145,100,45,1505,1,5,492,False,False
109,BU04791121,4791121,Bomenbuurt Oost,Zaanstad,Buurt,BU04791121,3,2580,1260,1325,555,315,690,605,415,1455,750,295,80,945,235,1400,950,75,665,165,735,,,,,1145,470,200,480,"2,2",10599.0,,,,,,,,,,,,,,,,,,,,,,,,,,,,,,,,,,,,,,,,,,,,,,,,,,,,,,,,,,,,,,,,,,,880,745,135,"0,8",3615.0,80,,,,,,26,24,2,1505,1,1,2683,False,True
110,BU04791122,4791122,Bomenbuurt,Zaanstad,Buurt,BU04791122,3,3975,2020,1955,765,440,1265,1065,440,2220,1315,350,90,1675,555,1740,1675,155,835,400,905,,,,,1765,640,415,710,"2,3",12670.0,,,,,,,,,,,,,,,,,,,,,,,,,,,,,,,,,,,,,,,,,,,,,,,,,,,,,,,,,,,,,,,,,,,1510,1230,280,"0,9",4806.0,125,,,,,,35,31,3,1505,1,2,2421,False,True
111,BU04791131,4791131,Burgemeestersbuurt,Zaanstad,Buurt,BU04791131,3,3800,1875,1930,670,395,1120,995,625,2060,1270,320,150,2225,535,1040,2225,155,525,380,515,,,,,1770,690,435,645,"2,1",11145.0,,,,,,,,,,,,,,,,,,,,,,,,,,,,,,,,,,,,,,,,,,,,,,,,,,,,,,,,,,,,,,,,,,,1355,1150,205,"0,8",3971.0,95,,,,,,36,34,1,1501,1,1,3800,False,True
112,BU04791132,4791132,Prins Hendrikbuurt,Zaanstad,Buurt,BU04791132,3,2925,1425,1495,430,300,955,725,520,1690,755,290,195,1705,570,655,1705,175,305,390,345,,,,,1475,690,365,420,"1,9",9335.0,,,,,,,,,,,,,,,,,,,,,,,,,,,,,,,,,,,,,,,,,,,,,,,,,,,,,,,,,,,,,,,,,,,1010,845,165,"0,7",3222.0,135,,,,,,36,31,4,1501,2,1,3864,False,True
113,BU04791211,4791211,Vennenbuurt,Zaanstad,Buurt,BU04791211,3,1625,800,825,285,135,420,380,405,720,635,135,130,835,180,610,830,75,335,110,280,,,,,710,295,175,240,"2,2",6723.0,,,,,,,,,,,,,,,,,,,,,,,,,,,,,,,,,,,,,,,,,,,,,,,,,,,,,,,,,,,,,,,,,,,680,520,160,1,2809.0,30,,,,,,26,24,2,1504,1,1,3268,False,True
114,BU04791212,4791212,Poelenburg Noord,Zaanstad,Buurt,BU04791212,3,3030,1450,1585,660,435,900,740,295,1720,965,255,90,500,425,2105,500,95,1030,325,1080,,,,,1190,375,205,610,"2,5",8890.0,,,,,,,,,,,,,,,,,,,,,,,,,,,,,,,,,,,,,,,,,,,,,,,,,,,,,,,,,,,,,,,,,,,1010,805,210,"0,8",2965.0,40,,,,,,38,34,4,1504,2,2,2111,False,True
115,BU04791213,4791213,Poelenburg Zuid,Zaanstad,Buurt,BU04791213,3,4010,1960,2050,795,585,1230,1010,390,2285,1265,335,120,710,595,2700,710,120,1325,480,1370,,,,,1700,655,280,765,"2,4",9036.0,,,,,,,,,,,,,,,,,,,,,,,,,,,,,,,,,,,,,,,,,,,,,,,,,,,,,,,,,,,,,,,,,,,1370,1120,250,"0,8",3095.0,55,,,,,,50,44,6,1504,1,2,1778,False,True
116,BU04791311,4791311,Peldersveld West,Zaanstad,Buurt,BU04791311,3,2605,1295,1310,485,320,675,625,500,1280,995,185,140,920,380,1305,915,100,720,280,585,,,,,1065,375,245,445,"2,4",6626.0,,,,,,,,,,,,,,,,,,,,,,,,,,,,,,,,,,,,,,,,,,,,,,,,,,,,,,,,,,,,,,,,,,,1060,845,215,1,2696.0,65,,,,,,42,39,3,1503,1,2,2478,False,True
117,BU04791312,4791312,Peldersveld Oost,Zaanstad,Buurt,BU04791312,3,3250,1495,1760,635,420,970,855,370,1810,930,410,100,655,395,2205,650,95,1080,295,1130,,,,,1425,550,235,630,"2,3",12909.0,,,,,,,,,,,,,,,,,,,,,,,,,,,,,,,,,,,,,,,,,,,,,,,,,,,,,,,,,,,,,,,,,,,1060,875,185,"0,7",4211.0,45,,,,,,29,25,4,1503,1,2,2040,False,True
118,BU04791321,4791321,Hoornseveld,Zaanstad,Buurt,BU04791321,3,3545,1735,1810,490,305,750,810,1190,1440,1440,360,300,2290,290,970,2285,120,500,170,470,,,,,1640,700,470,465,"2,1",6037.0,,,,,,,,,,,,,,,,,,,,,,,,,,,,,,,,,,,,,,,,,,,,,,,,,,,,,,,,,,,,,,,,,,,1485,1215,270,"0,9",2529.0,130,,,,,,63,59,4,1503,1,1,2716,False,True
119,BU04791322,4791322,Kleurenbuurt,Zaanstad,Buurt,BU04791322,3,1875,840,1035,420,210,515,465,265,1030,540,230,70,480,150,1250,485,45,520,100,725,,,,,825,355,125,345,"2,2",9289.0,,,,,,,,,,,,,,,,,,,,,,,,,,,,,,,,,,,,,,,,,,,,,,,,,,,,,,,,,,,,,,,,,,,540,440,100,"0,7",2679.0,35,,,,,,21,20,1,1503,2,1,3914,False,True
120,BU04791411,4791411,Rosmolenbuurt Oost,Zaanstad,Buurt,BU04791411,3,2560,1240,1325,450,210,770,565,565,1290,830,250,190,1275,235,1060,1270,90,560,140,500,,,,,1255,620,255,375,2,6366.0,,,,,,,,,,,,,,,,,,,,,,,,,,,,,,,,,,,,,,,,,,,,,,,,,,,,,,,,,,,,,,,,,,,895,720,175,"0,7",2223.0,55,,,,,,44,40,4,1502,1,1,3957,True,True
121,BU04791412,4791412,Rosmolenbuurt West,Zaanstad,Buurt,BU04791412,3,5985,2990,2995,865,580,1785,1565,1200,3115,1985,610,280,3130,765,2085,3135,250,1000,515,1085,,,,,3085,1375,815,890,"1,9",11483.0,,,,,,,,,,,,,,,,,,,,,,,,,,,,,,,,,,,,,,,,,,,,,,,,,,,,,,,,,,,,,,,,,,,2350,1945,405,"0,8",4510.0,220,,,,,,58,52,6,1502,1,1,3726,False,True
122,BU04791511,4791511,Oostzijderveld,Zaanstad,Buurt,BU04791511,3,345,180,170,25,40,230,30,20,230,95,20,0,170,35,145,165,10,105,20,45,,,,,195,75,100,20,"1,8",798.0,,,,,,,,,,,,,,,,,,,,,,,,,,,,,,,,,,,,,,,,,,,,,,,,,,,,,,,,,,,,,,,,,,,155,130,25,"0,8",357.0,15,,,,,,45,43,1,1508,1,2,2316,False,True
123,BU04791512,4791512,Kogerveld,Zaanstad,Buurt,BU04791512,3,3365,1725,1640,570,430,1085,840,440,1890,1000,350,120,1370,610,1390,1370,125,635,485,755,,,,,1645,750,310,590,2,6544.0,,,,,,,,,,,,,,,,,,,,,,,,,,,,,,,,,,,,,,,,,,,,,,,,,,,,,,,,,,,,,,,,,,,1310,1120,190,"0,8",2544.0,115,,,,,,55,51,3,1508,1,2,1703,False,True
124,BU04791521,4791521,Boerejonkerbuurt,Zaanstad,Buurt,BU04791521,3,290,150,145,40,30,80,105,40,135,125,20,15,195,25,70,195,5,30,20,40,,,,,130,30,50,45,"2,2",1400.0,,,,,,,,,,,,,,,,,,,,,,,,,,,,,,,,,,,,,,,,,,,,,,,,,,,,,,,,,,,,,,,,,,,145,115,30,"1,1",710.0,20,,,,,,26,21,5,1508,1,2,2115,True,True
125,BU04791522,4791522,Hofwijk,Zaanstad,Buurt,BU04791522,3,1125,555,570,200,145,315,335,120,635,325,135,30,390,75,655,390,30,280,45,380,,,,,505,205,105,195,"2,2",6983.0,,,,,,,,,,,,,,,,,,,,,,,,,,,,,,,,,,,,,,,,,,,,,,,,,,,,,,,,,,,,,,,,,,,475,335,140,"0,9",2956.0,30,,,,,,19,16,3,1508,1,1,2741,False,True
126,BU04791611,4791611,Kalf Noord,Zaanstad,Buurt,BU04791611,3,2295,1110,1190,250,215,490,645,700,970,905,220,200,1780,155,360,1780,70,160,85,200,,,,,1090,420,350,320,2,4938.0,,,,,,,,,,,,,,,,,,,,,,,,,,,,,,,,,,,,,,,,,,,,,,,,,,,,,,,,,,,,,,,,,,,1100,930,170,1,2368.0,130,,,,,,69,46,23,1509,1,3,1014,False,False
127,BU04791612,4791612,Kalf,Zaanstad,Buurt,BU04791612,3,3800,1885,1915,580,370,835,950,1060,1680,1555,340,230,2975,240,585,2975,125,315,115,270,,,,,1745,630,540,580,"2,2",2181.0,,,,,,,,,,,,,,,,,,,,,,,,,,,,,,,,,,,,,,,,,,,,,,,,,,,,,,,,,,,,,,,,,,,1755,1470,285,1,1007.0,165,,,,,,226,174,52,1509,1,4,945,False,False
128,BU04791620,4791620,Zaanse Schans,Zaanstad,Buurt,BU04791620,3,405,205,205,45,35,70,155,100,165,190,40,15,355,20,30,355,10,15,10,20,,,,,190,60,75,60,"2,1",263.0,,,,,,,,,,,,,,,,,,,,,,,,,,,,,,,,,,,,,,,,,,,,,,,,,,,,,,,,,,,,,,,,,,,260,205,55,"1,4",169.0,40,,,,,,214,155,60,1509,1,4,894,True,False
129,BU04792111,4792111,Havenbuurt,Zaanstad,Buurt,BU04792111,3,810,415,395,130,75,230,230,140,410,280,75,40,550,110,150,550,30,75,80,70,,,,,390,160,95,130,"2,1",3944.0,,,,,,,,,,,,,,,,,,,,,,,,,,,,,,,,,,,,,,,,,,,,,,,,,,,,,,,,,,,,,,,,,,,330,280,50,"0,8",1608.0,55,,,,,,27,20,6,1506,1,2,2055,True,True
130,BU04792112,4792112,Hembrugterrein,Zaanstad,Buurt,BU04792112,3,175,90,90,40,15,35,50,35,90,70,5,10,155,20,5,150,15,0,5,0,,,,,70,15,15,30,"2,7",357.0,,,,,,,,,,,,,,,,,,,,,,,,,,,,,,,,,,,,,,,,,,,,,,,,,,,,,,,,,,,,,,,,,,,95,75,20,"1,4",192.0,10,,,,,,60,50,10,1505,3,4,602,False,False
131,BU04792121,4792121,Zuiderhout Noord,Zaanstad,Buurt,BU04792121,3,30,15,20,0,0,10,10,10,15,10,0,0,20,10,0,20,5,0,10,0,,,,,20,10,5,5,"1,6",75.0,,,,,,,,,,,,,,,,,,,,,,,,,,,,,,,,,,,,,,,,,,,,,,,,,,,,,,,,,,,,,,,,,,,120,70,45,,,5,,,,,,48,44,4,1507,6,3,1456,False,False
132,BU04792122,4792122,Zuiderhout,Zaanstad,Buurt,BU04792122,3,65,35,30,10,5,15,15,25,20,30,10,0,55,5,5,55,5,0,5,0,,,,,30,10,10,15,"2,1",130.0,,,,,,,,,,,,,,,,,,,,,,,,,,,,,,,,,,,,,,,,,,,,,,,,,,,,,,,,,,,,,,,,,,,100,50,55,,,15,,,,,,61,49,12,1506,1,5,269,False,False
133,BU04792130,4792130,Het Eiland,Zaanstad,Buurt,BU04792130,3,1275,640,635,160,175,190,420,330,520,590,85,80,910,125,245,905,65,125,60,125,,,,,535,145,185,205,"2,4",10053.0,,,,,,,,,,,,,,,,,,,,,,,,,,,,,,,,,,,,,,,,,,,,,,,,,,,,,,,,,,,,,,,,,,,555,440,120,1,4387.0,30,,,,,,27,13,15,1506,1,1,3097,False,True
134,BU04792140,4792140,Russische buurt,Zaanstad,Buurt,BU04792140,3,2730,1395,1330,325,280,1045,665,415,1630,760,265,75,1215,630,890,1215,115,365,510,520,,,,,1530,755,420,355,"1,8",7323.0,,,,,,,,,,,,,,,,,,,,,,,,,,,,,,,,,,,,,,,,,,,,,,,,,,,,,,,,,,,,,,,,,,,930,755,175,"0,6",2496.0,80,,,,,,44,37,7,1506,1,1,3467,True,True
135,BU04792210,4792210,Oud West,Zaanstad,Buurt,BU04792210,3,5150,2595,2555,660,615,1690,1305,880,2970,1475,450,255,2695,1220,1240,2695,220,485,995,755,,,,,2775,1425,685,670,"1,8",8382.0,,,,,,,,,,,,,,,,,,,,,,,,,,,,,,,,,,,,,,,,,,,,,,,,,,,,,,,,,,,,,,,,,,,1815,1470,340,"0,7",2951.0,180,,,,,,69,61,8,1506,1,1,3640,True,True
136,BU04792220,4792220,Spoorbuurt,Zaanstad,Buurt,BU04792220,3,860,460,395,100,85,250,225,200,430,250,120,50,430,110,315,430,40,145,70,170,,,,,375,170,100,100,"1,9",2753.0,,,,,,,,,,,,,,,,,,,,,,,,,,,,,,,,,,,,,,,,,,,,,,,,,,,,,,,,,,,,,,,,,,,330,225,105,"0,9",1060.0,15,,,,,,33,31,2,1506,1,1,3310,False,True
137,BU04792230,4792230,Schilders- en Waddenbuurt,Zaanstad,Buurt,BU04792230,3,3080,1585,1495,465,365,845,860,545,1580,1175,225,105,2070,435,570,2075,140,295,295,280,,,,,1400,495,430,480,"2,2",8003.0,,,,,,,,,,,,,,,,,,,,,,,,,,,,,,,,,,,,,,,,,,,,,,,,,,,,,,,,,,,,,,,,,,,1370,1120,250,1,3559.0,140,,,,,,42,38,3,1506,1,1,2793,False,True
138,BU04792311,4792311,Westerspoor,Zaanstad,Buurt,BU04792311,3,0,0,0,0,0,0,0,0,0,0,0,0,0,0,0,0,0,0,0,0,,,,,0,0,0,0,,,,,,,,,,,,,,,,,,,,,,,,,,,,,,,,,,,,,,,,,,,,,,,,,,,,,,,,,,,,,,,,,,,,,225,110,115,,,0,,,,,,125,115,10,1507,1,4,571,True,False
139,BU04792312,4792312,Westzanerdijk,Zaanstad,Buurt,BU04792312,3,1455,725,730,240,150,340,450,280,755,515,130,50,1085,115,250,1090,55,125,65,120,,,,,655,220,180,255,"2,2",2239.0,,,,,,,,,,,,,,,,,,,,,,,,,,,,,,,,,,,,,,,,,,,,,,,,,,,,,,,,,,,,,,,,,,,685,550,135,"1,1",1057.0,95,,,,,,69,65,4,1507,1,4,999,False,False
140,BU04792313,4792313,Westzijderveld Zuid,Zaanstad,Buurt,BU04792313,3,20,10,10,0,5,10,5,0,20,5,0,0,15,0,5,20,0,5,0,0,,,,,10,10,0,0,"1,7",48.0,,,,,,,,,,,,,,,,,,,,,,,,,,,,,,,,,,,,,,,,,,,,,,,,,,,,,,,,,,,,,,,,,,,0,0,0,,,0,,,,,,44,42,2,1507,1,3,1126,False,False
141,BU04792314,4792314,Zaans Hout,Zaanstad,Buurt,BU04792314,3,3285,1650,1635,540,305,1520,600,315,1970,1015,245,55,1515,455,1320,1510,115,680,340,640,,,,,1715,810,445,460,"1,9",7731.0,,,,,,,,,,,,,,,,,,,,,,,,,,,,,,,,,,,,,,,,,,,,,,,,,,,,,,,,,,,,,,,,,,,1180,940,240,"0,7",2778.0,85,,,,,,46,43,4,1507,1,2,2445,False,True
142,BU04792322,4792322,Westerwatering Noord,Zaanstad,Buurt,BU04792322,3,3775,1905,1870,550,390,850,1185,795,1640,1640,325,170,2590,350,835,2590,140,410,210,425,,,,,1660,520,535,615,"2,3",7104.0,,,,,,,,,,,,,,,,,,,,,,,,,,,,,,,,,,,,,,,,,,,,,,,,,,,,,,,,,,,,,,,,,,,1630,1320,310,1,3068.0,140,,,,,,63,53,10,1507,1,2,1982,True,True
143,BU04792323,4792323,Westerwatering Zuid,Zaanstad,Buurt,BU04792323,3,4850,2445,2400,730,585,1285,1500,745,2275,2145,295,130,2965,495,1385,2965,175,665,320,725,,,,,1990,515,595,880,"2,4",9267.0,,,,,,,,,,,,,,,,,,,,,,,,,,,,,,,,,,,,,,,,,,,,,,,,,,,,,,,,,,,,,,,,,,,2065,1650,415,1,3946.0,190,,,,,,58,52,5,1507,1,2,2110,True,True
144,BU04793110,4793110,Oud Koog,Zaanstad,Buurt,BU04793110,3,4910,2485,2430,735,580,1435,1340,825,2690,1605,425,195,3265,585,1060,3270,190,505,395,560,,,,,2390,980,585,830,"2,1",6019.0,,,,,,,,,,,,,,,,,,,,,,,,,,,,,,,,,,,,,,,,,,,,,,,,,,,,,,,,,,,,,,,,,,,2010,1685,325,"0,8",2461.0,265,,,,,,97,82,15,1541,1,2,2216,False,True
145,BU04793212,4793212,Westerkoog Midden,Zaanstad,Buurt,BU04793212,3,2630,1305,1320,350,300,540,685,750,1165,1145,190,135,2050,200,385,2050,105,200,90,180,,,,,1120,330,380,415,"2,3",6131.0,,,,,,,,,,,,,,,,,,,,,,,,,,,,,,,,,,,,,,,,,,,,,,,,,,,,,,,,,,,,,,,,,,,1200,985,215,"1,1",2791.0,90,,,,,,49,43,6,1541,1,3,1491,False,False
146,BU04793213,4793213,Westerkoog Oost,Zaanstad,Buurt,BU04793213,3,3710,1755,1960,525,335,685,905,1265,1465,1735,250,265,2855,300,555,2860,145,275,155,280,,,,,1665,495,605,560,"2,2",4356.0,,,,,,,,,,,,,,,,,,,,,,,,,,,,,,,,,,,,,,,,,,,,,,,,,,,,,,,,,,,,,,,,,,,1690,1405,285,1,1983.0,120,,,,,,90,85,5,1541,1,2,2154,False,True
147,BU04794110,4794110,Oud Zaandijk,Zaanstad,Buurt,BU04794110,3,2985,1555,1425,395,280,785,920,600,1555,945,370,115,2105,290,590,2105,100,240,190,350,,,,,1585,775,380,430,"1,9",5675.0,,,,,,,,,,,,,,,,,,,,,,,,,,,,,,,,,,,,,,,,,,,,,,,,,,,,,,,,,,,,,,,,,,,1300,1125,175,"0,8",2468.0,185,,,,,,71,53,19,1544,1,3,1448,False,False
148,BU04794211,4794211,Rooswijk,Zaanstad,Buurt,BU04794211,3,2510,1185,1320,440,300,550,640,570,1180,925,270,125,1510,175,820,1510,80,375,95,445,,,,,1105,350,295,455,"2,3",6238.0,,,,,,,,,,,,,,,,,,,,,,,,,,,,,,,,,,,,,,,,,,,,,,,,,,,,,,,,,,,,,,,,,,,1040,890,150,"0,9",2586.0,95,,,,,,44,40,4,1544,1,3,1389,False,False
149,BU04794212,4794212,Rooswijk Noord,Zaanstad,Buurt,BU04794212,3,3025,1485,1535,340,375,550,1080,680,1260,1360,230,175,2390,140,500,2390,70,260,65,235,,,,,1220,300,415,505,"2,4",8019.0,,,,,,,,,,,,,,,,,,,,,,,,,,,,,,,,,,,,,,,,,,,,,,,,,,,,,,,,,,,,,,,,,,,1410,1155,250,"1,2",3733.0,105,,,,,,42,38,4,1544,1,3,1255,False,False
150,BU04794213,4794213,Guisveld Zuid,Zaanstad,Buurt,BU04794213,3,0,0,0,0,0,0,0,0,0,0,0,5,5,0,0,0,0,0,0,0,,,,,0,5,0,0,1,,,,,,,,,,,,,,,,,,,,,,,,,,,,,,,,,,,,,,,,,,,,,,,,,,,,,,,,,,,,,,,,,,,,0,0,0,,,0,,,,,,56,40,16,1544,1,3,1154,False,False
151,BU04795110,4795110,Wormerveer Zuid,Zaanstad,Buurt,BU04795110,3,3815,1940,1875,495,385,1150,1055,725,2015,1255,390,155,2665,430,720,2670,150,350,280,375,,,,,1915,840,550,530,"1,9",6682.0,,,,,,,,,,,,,,,,,,,,,,,,,,,,,,,,,,,,,,,,,,,,,,,,,,,,,,,,,,,,,,,,,,,4255,2880,1375,"2,2",7447.0,230,,,,,,69,57,11,1521,1,3,1484,False,True
152,BU04795120,4795120,Guisveld,Zaanstad,Buurt,BU04795120,3,0,0,0,0,0,5,0,5,0,0,0,5,0,0,0,0,0,0,0,0,,,,,0,0,0,0,2,,,,,,,,,,,,,,,,,,,,,,,,,,,,,,,,,,,,,,,,,,,,,,,,,,,,,,,,,,,,,,,,,,,,0,0,0,,,0,,,,,,216,168,48,1521,1,3,1386,False,False
153,BU04795131,4795131,Wormerveer Centrum,Zaanstad,Buurt,BU04795131,3,3420,1665,1755,465,375,930,945,705,1710,1210,325,175,2410,360,650,2410,145,355,210,295,,,,,1680,705,455,520,2,6138.0,,,,,,,,,,,,,,,,,,,,,,,,,,,,,,,,,,,,,,,,,,,,,,,,,,,,,,,,,,,,,,,,,,,1560,1325,240,"0,9",2803.0,165,,,,,,61,56,6,1521,1,2,1854,False,True
154,BU04795132,4795132,Wormerveer Noord,Zaanstad,Buurt,BU04795132,3,3075,1445,1630,595,330,875,650,620,1740,840,355,140,1870,205,1000,1870,105,540,100,460,,,,,1530,700,315,515,2,9015.0,,,,,,,,,,,,,,,,,,,,,,,,,,,,,,,,,,,,,,,,,,,,,,,,,,,,,,,,,,,,,,,,,,,1140,1000,140,"0,7",3346.0,95,,,,,,40,34,6,1521,1,2,2142,False,True
155,BU04795133,4795133,Wormerveer West,Zaanstad,Buurt,BU04795133,3,1450,655,800,145,125,345,355,480,645,455,170,180,1060,150,240,1055,50,115,105,120,,,,,825,455,200,175,"1,7",3571.0,,,,,,,,,,,,,,,,,,,,,,,,,,,,,,,,,,,,,,,,,,,,,,,,,,,,,,,,,,,,,,,,,,,630,550,80,"0,8",1554.0,50,,,,,,47,41,6,1521,1,2,2214,False,True
156,BU04795140,4795140,Karnemelksepolder,Zaanstad,Buurt,BU04795140,3,385,205,175,70,60,105,130,15,200,160,20,0,295,40,50,295,15,40,30,10,,,,,140,20,35,80,"2,8",528.0,,,,,,,,,,,,,,,,,,,,,,,,,,,,,,,,,,,,,,,,,,,,,,,,,,,,,,,,,,,,,,,,,,,480,290,190,,,35,,,,,,89,73,16,1521,1,3,1201,False,True
157,BU04795150,4795150,Westknollendam,Zaanstad,Buurt,BU04795150,3,445,230,225,65,50,95,155,85,210,190,35,15,365,35,45,365,20,25,15,20,,,,,195,50,70,75,"2,3",1933.0,,,,,,,,,,,,,,,,,,,,,,,,,,,,,,,,,,,,,,,,,,,,,,,,,,,,,,,,,,,,,,,,,,,265,210,55,"1,4",1149.0,45,,,,,,34,23,11,1525,1,5,370,False,False
158,BU04795160,4795160,Industriebuurt,Zaanstad,Buurt,BU04795160,3,275,160,120,25,35,75,95,50,140,105,15,10,225,30,15,225,10,10,15,10,,,,,125,35,45,40,"2,1",370.0,,,,,,,,,,,,,,,,,,,,,,,,,,,,,,,,,,,,,,,,,,,,,,,,,,,,,,,,,,,,,,,,,,,315,195,125,,,65,,,,,,83,75,8,1521,5,4,945,False,False
159,BU04796110,4796110,Zuiderhoofdbuurt,Zaanstad,Buurt,BU04796110,3,1990,1005,995,220,215,515,580,465,1000,705,175,105,1585,180,225,1580,70,115,115,110,,,,,990,415,315,265,2,5068.0,,,,,,,,,,,,,,,,,,,,,,,,,,,,,,,,,,,,,,,,,,,,,,,,,,,,,,,,,,,,,,,,,,,1000,840,160,1,2541.0,130,,,,,,41,39,2,1561,1,2,2201,False,False
160,BU04796120,4796120,Noorderhoofdbuurt,Zaanstad,Buurt,BU04796120,3,2295,1145,1150,315,205,600,630,540,1190,705,260,135,1730,140,415,1735,55,210,90,205,,,,,1260,640,295,325,"1,8",5613.0,,,,,,,,,,,,,,,,,,,,,,,,,,,,,,,,,,,,,,,,,,,,,,,,,,,,,,,,,,,,,,,,,,,1035,870,165,"0,8",2531.0,100,,,,,,46,41,6,1561,1,2,2161,False,True
161,BU04796130,4796130,Snuiverbuurt,Zaanstad,Buurt,BU04796130,3,2675,1320,1355,475,265,675,675,590,1310,1010,225,130,2150,110,415,2150,55,220,55,200,,,,,1200,400,325,470,"2,2",6066.0,,,,,,,,,,,,,,,,,,,,,,,,,,,,,,,,,,,,,,,,,,,,,,,,,,,,,,,,,,,,,,,,,,,1145,980,165,1,2598.0,140,,,,,,44,44,0,1561,1,1,2511,False,True
162,BU04796140,4796140,Rosariumbuurt,Zaanstad,Buurt,BU04796140,3,1230,540,690,145,110,265,275,440,560,325,170,175,840,50,340,835,25,150,25,195,,,,,685,410,115,160,"1,7",3607.0,,,,,,,,,,,,,,,,,,,,,,,,,,,,,,,,,,,,,,,,,,,,,,,,,,,,,,,,,,,,,,,,,,,465,415,50,"0,7",1365.0,40,,,,,,34,34,0,1561,1,2,2384,False,True
163,BU04796210,4796210,Zuiderham,Zaanstad,Buurt,BU04796210,3,3040,1430,1610,430,340,535,765,965,1265,1240,300,235,2345,175,515,2345,100,270,70,250,,,,,1410,495,430,480,"2,2",3977.0,,,,,,,,,,,,,,,,,,,,,,,,,,,,,,,,,,,,,,,,,,,,,,,,,,,,,,,,,,,,,,,,,,,1355,1165,190,1,1773.0,85,,,,,,82,76,5,1562,1,2,2044,False,True
164,BU04796220,4796220,Noorderham,Zaanstad,Buurt,BU04796220,3,3390,1670,1720,590,390,820,900,690,1675,1245,310,160,2330,210,850,2330,110,405,100,445,,,,,1515,530,420,570,"2,2",6848.0,,,,,,,,,,,,,,,,,,,,,,,,,,,,,,,,,,,,,,,,,,,,,,,,,,,,,,,,,,,,,,,,,,,1505,1275,230,1,3042.0,145,,,,,,58,49,8,1562,1,2,1783,False,True
165,BU04796230,4796230,Krommeniedijk,Zaanstad,Buurt,BU04796230,3,480,235,245,60,60,60,140,155,180,255,15,30,455,15,15,455,10,0,5,5,,,,,190,40,85,75,"2,5",284.0,,,,,,,,,,,,,,,,,,,,,,,,,,,,,,,,,,,,,,,,,,,,,,,,,,,,,,,,,,,,,,,,,,,245,190,50,"1,3",144.0,10,,,,,,195,169,26,1562,1,5,430,False,False
166,BU04796240,4796240,Willis,Zaanstad,Buurt,BU04796240,3,2230,1145,1090,325,390,350,840,320,1055,1000,125,55,1900,115,210,1900,70,105,50,105,,,,,815,120,255,440,"2,7",7898.0,,,,,,,,,,,,,,,,,,,,,,,,,,,,,,,,,,,,,,,,,,,,,,,,,,,,,,,,,,,,,,,,,,,1145,905,240,"1,4",4059.0,95,,,,,,37,28,9,1562,1,3,1357,False,True
167,BU04797110,4797110,De Zuid,Zaanstad,Buurt,BU04797110,3,1460,740,725,215,150,355,465,270,730,555,115,65,1300,85,85,1295,45,50,40,25,,,,,610,190,190,235,"2,3",114.0,,,,,,,,,,,,,,,,,,,,,,,,,,,,,,,,,,,,,,,,,,,,,,,,,,,,,,,,,,,,,,,,,,,875,705,170,"1,4",69.0,150,,,,,,1409,1280,129,1566,1,5,149,False,False
168,BU04797120,4797120,Centrum,Zaanstad,Buurt,BU04797120,3,6130,3065,3065,910,690,1355,1775,1395,2835,2440,510,345,5225,255,645,5225,135,385,120,255,,,,,2685,830,810,1040,"2,3",2191.0,,,,,,,,,,,,,,,,,,,,,,,,,,,,,,,,,,,,,,,,,,,,,,,,,,,,,,,,,,,,,,,,,,,3115,2605,515,"1,2",1114.0,430,,,,,,288,280,8,1566,1,4,720,False,False
169,BU04797130,4797130,Westerpolder,Zaanstad,Buurt,BU04797130,3,130,65,65,25,15,30,40,20,60,60,10,5,130,5,5,130,5,0,0,5,,,,,50,10,15,20,"2,9",17.0,,,,,,,,,,,,,,,,,,,,,,,,,,,,,,,,,,,,,,,,,,,,,,,,,,,,,,,,,,,,,,,,,,,65,50,15,,,5,,,,,,789,782,7,1566,1,5,23,False,False
170,BU04797211,4797211,Noorderveen,Zaanstad,Buurt,BU04797211,3,420,225,200,50,55,95,125,95,205,165,30,15,375,20,30,380,10,15,5,10,,,,,180,60,55,65,"2,3",200.0,,,,,,,,,,,,,,,,,,,,,,,,,,,,,,,,,,,,,,,,,,,,,,,,,,,,,,,,,,,,,,,,,,,280,210,70,"1,5",131.0,50,,,,,,223,212,11,1566,1,4,759,False,False
171,BU04797212,4797212,Waterrijk West,Zaanstad,Buurt,BU04797212,3,2015,1030,990,390,350,475,645,150,1115,775,95,30,1530,120,370,1530,70,235,55,130,,,,,690,120,130,445,"2,9",7076.0,,,,,,,,,,,,,,,,,,,,,,,,,,,,,,,,,,,,,,,,,,,,,,,,,,,,,,,,,,,,,,,,,,,870,680,195,"1,3",3059.0,70,,,,,,32,29,4,1567,4,2,1754,True,True
172,BU04797213,4797213,Waterrijk,Zaanstad,Buurt,BU04797213,3,3270,1620,1650,510,560,680,1130,390,1615,1320,245,85,2265,210,800,2260,115,425,95,370,,,,,1215,265,290,655,"2,7",5028.0,,,,,,,,,,,,,,,,,,,,,,,,,,,,,,,,,,,,,,,,,,,,,,,,,,,,,,,,,,,,,,,,,,,1695,1330,365,"1,4",2609.0,165,,,,,,73,65,8,1566,1,3,1176,True,True
173,BU04797221,4797221,Langeheit Oost,Zaanstad,Buurt,BU04797221,3,115,65,55,15,10,35,30,30,45,60,5,5,100,10,10,100,0,0,5,5,,,,,50,10,25,20,"2,4",297.0,,,,,,,,,,,,,,,,,,,,,,,,,,,,,,,,,,,,,,,,,,,,,,,,,,,,,,,,,,,,,,,,,,,95,65,30,"1,9",239.0,15,,,,,,42,40,3,1566,1,2,1746,False,True
174,BU04797222,4797222,Langeheit West,Zaanstad,Buurt,BU04797222,3,1135,560,570,195,145,255,290,250,545,445,85,55,900,60,170,900,25,110,35,60,,,,,500,140,150,200,"2,3",5695.0,,,,,,,,,,,,,,,,,,,,,,,,,,,,,,,,,,,,,,,,,,,,,,,,,,,,,,,,,,,,,,,,,,,500,425,70,1,2503.0,70,,,,,,20,20,0,1566,1,2,2152,False,True
175,BU04797231,4797231,De Omzoom,Zaanstad,Buurt,BU04797231,3,70,35,30,15,5,20,10,15,35,30,5,5,70,0,0,65,0,0,0,0,,,,,25,0,5,15,3,43.0,,,,,,,,,,,,,,,,,,,,,,,,,,,,,,,,,,,,,,,,,,,,,,,,,,,,,,,,,,,,,,,,,,,30,20,10,,,0,,,,,,162,159,3,1566,2,5,341,False,False
176,BU04797232,4797232,Kreekrijk,Zaanstad,Buurt,BU04797232,3,780,380,400,255,100,260,160,10,470,290,15,5,575,35,175,575,30,125,10,45,,,,,220,15,25,180,"3,5",1525.0,,,,,,,,,,,,,,,,,,,,,,,,,,,,,,,,,,,,,,,,,,,,,,,,,,,,,,,,,,,,,,,,,,,300,225,75,"1,4",586.0,30,,,,,,51,51,0,1567,1,3,1472,False,True
177,BU04797233,4797233,Parkrijk Zuid,Zaanstad,Buurt,BU04797233,3,4545,2230,2315,1190,705,1200,1225,215,2605,1690,210,40,2890,425,1225,2890,165,745,265,480,,,,,1450,170,265,1015,"3,1",9149.0,,,,,,,,,,,,,,,,,,,,,,,,,,,,,,,,,,,,,,,,,,,,,,,,,,,,,,,,,,,,,,,,,,,1840,1445,395,"1,3",3701.0,150,,,,,,53,50,3,1567,1,3,1351,True,True
178,BU04797234,4797234,Parkrijk Noord,Zaanstad,Buurt,BU04797234,3,4795,2405,2390,1130,620,1465,1235,335,2665,1710,310,105,2830,360,1605,2830,180,990,185,620,,,,,1790,470,315,1005,"2,7",9832.0,,,,,,,,,,,,,,,,,,,,,,,,,,,,,,,,,,,,,,,,,,,,,,,,,,,,,,,,,,,,,,,,,,,2035,1600,440,"1,1",4176.0,160,,,,,,51,49,2,1567,1,2,1965,True,True
179,BU04798110,4798110,Westzanerpolder,Zaanstad,Buurt,BU04798110,3,615,445,170,45,85,250,175,60,420,135,50,10,350,55,205,345,15,110,40,100,,,,,125,25,50,55,"2,4",346.0,,,,,,,,,,,,,,,,,,,,,,,,,,,,,,,,,,,,,,,,,,,,,,,,,,,,,,,,,,,,,,,,,,,245,180,65,"1,9",138.0,35,,,,,,210,178,33,1551,1,5,256,False,False
180,BU04798120,4798120,Westzaan Zuid,Zaanstad,Buurt,BU04798120,3,1275,610,660,225,125,330,395,185,660,480,95,35,1050,115,105,1050,60,70,50,40,,,,,550,160,160,225,"2,3",764.0,,,,,,,,,,,,,,,,,,,,,,,,,,,,,,,,,,,,,,,,,,,,,,,,,,,,,,,,,,,,,,,,,,,660,520,140,"1,2",397.0,110,,,,,,178,167,12,1551,1,5,261,False,False
181,BU04798130,4798130,J.J. Allanbuurt,Zaanstad,Buurt,BU04798130,3,660,335,320,85,85,110,235,150,295,300,40,25,605,30,25,605,20,15,10,10,,,,,270,60,105,105,"2,4",175.0,,,,,,,,,,,,,,,,,,,,,,,,,,,,,,,,,,,,,,,,,,,,,,,,,,,,,,,,,,,,,,,,,,,425,305,120,"1,6",113.0,90,,,,,,431,377,54,1551,1,5,274,False,False
182,BU04798140,4798140,Westzaan Noord,Zaanstad,Buurt,BU04798140,3,2440,1205,1235,315,260,445,775,650,1015,1055,230,145,2105,125,210,2105,65,120,60,85,,,,,1115,355,380,380,"2,2",1923.0,,,,,,,,,,,,,,,,,,,,,,,,,,,,,,,,,,,,,,,,,,,,,,,,,,,,,,,,,,,,,,,,,,,1315,1060,255,"1,2",1038.0,140,,,,,,161,127,34,1551,1,5,410,False,False
183,BU04798150,4798150,Middel,Zaanstad,Buurt,BU04798150,3,105,45,55,5,20,20,35,15,45,50,0,10,95,0,5,90,5,5,5,5,,,,,40,5,15,20,"2,6",85.0,,,,,,,,,,,,,,,,,,,,,,,,,,,,,,,,,,,,,,,,,,,,,,,,,,,,,,,,,,,,,,,,,,,50,40,10,,,5,,,,,,143,121,22,1551,1,5,300,False,False
